,,,,,2000,2010,2020,2030,2040,2050
ArgentinaReg,Barl,SPA0,SSP2,scenRCPref,38,38,38,38,38,38
ArgentinaReg,Cass,SPA0,SSP2,scenRCPref,47,67,87,95,96,97
ArgentinaReg,Corn,SPA0,SSP2,scenRCPref,3435,6255,8331,8889,9495,9514
ArgentinaReg,Cott,SPA0,SSP2,scenRCPref,11,17,22,25,25,25
ArgentinaReg,Gnut,SPA0,SSP2,scenRCPref,11,16,21,23,23,24
ArgentinaReg,Mill,SPA0,SSP2,scenRCPref,17,33,45,48,51,51
ArgentinaReg,Pota,SPA0,SSP2,scenRCPref,47,67,87,95,96,97
ArgentinaReg,Rape,SPA0,SSP2,scenRCPref,1,1,1,1,2,2
ArgentinaReg,Soya,SPA0,SSP2,scenRCPref,372,256,418,480,505,510
ArgentinaReg,Srgh,SPA0,SSP2,scenRCPref,1985,3763,5076,5427,5814,5827
ArgentinaReg,SugC,SPA0,SSP2,scenRCPref,1643,2347,3052,3338,3373,3399
ArgentinaReg,Sunf,SPA0,SSP2,scenRCPref,129,191,254,281,284,288
ArgentinaReg,Whea,SPA0,SSP2,scenRCPref,338,464,532,571,566,576
AustraliaReg,Barl,SPA0,SSP2,scenRCPref,1361,2115,2960,3464,3940,4184
AustraliaReg,BeaD,SPA0,SSP2,scenRCPref,,63,160,223,285,319
AustraliaReg,ChkP,SPA0,SSP2,scenRCPref,,185,468,651,832,931
AustraliaReg,Corn,SPA0,SSP2,scenRCPref,183,230,326,373,433,469
AustraliaReg,Cott,SPA0,SSP2,scenRCPref,7,12,20,24,29,32
AustraliaReg,Gnut,SPA0,SSP2,scenRCPref,0,1,1,1,1,1
AustraliaReg,Mill,SPA0,SSP2,scenRCPref,19,29,42,49,56,60
AustraliaReg,Pota,SPA0,SSP2,scenRCPref,132,180,253,292,336,361
AustraliaReg,Rape,SPA0,SSP2,scenRCPref,140,242,392,479,572,623
AustraliaReg,Soya,SPA0,SSP2,scenRCPref,194,248,350,401,465,502
AustraliaReg,Srgh,SPA0,SSP2,scenRCPref,843,1326,1884,2218,2536,2700
AustraliaReg,SugC,SPA0,SSP2,scenRCPref,1486,2017,2839,3276,3771,4052
AustraliaReg,Sunf,SPA0,SSP2,scenRCPref,26,45,73,90,107,117
AustraliaReg,SwPo,SPA0,SSP2,scenRCPref,0,0,0,0,1,1
AustraliaReg,Whea,SPA0,SSP2,scenRCPref,2276,3538,4951,5796,6591,6999
BrazilReg,Barl,SPA0,SSP2,scenRCPref,199,265,357,414,447,462
BrazilReg,BeaD,SPA0,SSP2,scenRCPref,160,200,255,289,309,318
BrazilReg,Cass,SPA0,SSP2,scenRCPref,10828,15661,22450,26750,29204,30376
BrazilReg,Corn,SPA0,SSP2,scenRCPref,24574,33709,47050,55539,60365,62694
BrazilReg,Cott,SPA0,SSP2,scenRCPref,37,123,233,304,340,363
BrazilReg,Gnut,SPA0,SSP2,scenRCPref,4,13,24,32,35,38
BrazilReg,Mill,SPA0,SSP2,scenRCPref,4,6,9,10,11,11
BrazilReg,Pota,SPA0,SSP2,scenRCPref,281,406,582,693,757,787
BrazilReg,Rape,SPA0,SSP2,scenRCPref,25,84,158,207,232,247
BrazilReg,Soya,SPA0,SSP2,scenRCPref,6442,7479,10695,12744,13845,14446
BrazilReg,Srgh,SPA0,SSP2,scenRCPref,735,1041,1426,1668,1792,1866
BrazilReg,SugC,SPA0,SSP2,scenRCPref,7522,10878,15595,18582,20286,21100
BrazilReg,Sunf,SPA0,SSP2,scenRCPref,83,275,521,680,761,813
BrazilReg,SwPo,SPA0,SSP2,scenRCPref,189,274,392,467,510,531
BrazilReg,Whea,SPA0,SSP2,scenRCPref,288,343,452,521,570,583
CanadaReg,Barl,SPA0,SSP2,scenRCPref,7937,7840,9343,10096,10601,10947
CanadaReg,BeaD,SPA0,SSP2,scenRCPref,14,22,44,54,61,65
CanadaReg,Cass,SPA0,SSP2,scenRCPref,2,2,3,3,3,4
CanadaReg,ChkP,SPA0,SSP2,scenRCPref,80,123,246,303,347,367
CanadaReg,Corn,SPA0,SSP2,scenRCPref,4532,4763,5753,6218,6545,6753
CanadaReg,Mill,SPA0,SSP2,scenRCPref,6,7,7,7,7,7
CanadaReg,Pota,SPA0,SSP2,scenRCPref,315,415,513,555,584,609
CanadaReg,Rape,SPA0,SSP2,scenRCPref,516,700,939,1031,1113,1133
CanadaReg,Soya,SPA0,SSP2,scenRCPref,1244,1542,1979,2155,2303,2354
CanadaReg,Srgh,SPA0,SSP2,scenRCPref,4,5,5,5,5,5
CanadaReg,SugC,SPA0,SSP2,scenRCPref,1069,1408,1740,1882,1981,2066
CanadaReg,Sunf,SPA0,SSP2,scenRCPref,27,36,49,54,58,59
CanadaReg,Whea,SPA0,SSP2,scenRCPref,3292,3512,4293,4648,4910,5050
ChinaReg,Barl,SPA0,SSP2,scenRCPref,1080,1325,1636,1809,1853,1797
ChinaReg,BeaD,SPA0,SSP2,scenRCPref,688,1602,2762,3411,3582,3377
ChinaReg,Cass,SPA0,SSP2,scenRCPref,3286,5372,7983,9522,9986,9611
ChinaReg,ChkP,SPA0,SSP2,scenRCPref,6,14,25,31,32,30
ChinaReg,Corn,SPA0,SSP2,scenRCPref,74548,118239,171942,204570,214982,208182
ChinaReg,Cott,SPA0,SSP2,scenRCPref,1288,2173,3280,3934,4132,3973
ChinaReg,Gnut,SPA0,SSP2,scenRCPref,414,698,1054,1264,1328,1277
ChinaReg,Mill,SPA0,SSP2,scenRCPref,987,1388,1896,2179,2253,2162
ChinaReg,Pota,SPA0,SSP2,scenRCPref,15092,24678,36671,43737,45872,44146
ChinaReg,Rape,SPA0,SSP2,scenRCPref,6961,11739,17723,21252,22322,21467
ChinaReg,Rice,SPA0,SSP2,scenRCPref,7588,16937,28810,35442,37193,35095
ChinaReg,Soya,SPA0,SSP2,scenRCPref,13517,20079,28331,33455,35191,34284
ChinaReg,Srgh,SPA0,SSP2,scenRCPref,1766,2483,3392,3898,4030,3867
ChinaReg,SugC,SPA0,SSP2,scenRCPref,11188,18294,27185,32423,34005,32727
ChinaReg,Sunf,SPA0,SSP2,scenRCPref,499,842,1271,1524,1601,1540
ChinaReg,SwPo,SPA0,SSP2,scenRCPref,56808,92889,138031,164628,172663,166169
ChinaReg,Whea,SPA0,SSP2,scenRCPref,5471,6820,8589,9586,9862,9565
CongoBasin,Cass,SPA0,SSP2,scenRCPref,441,354,924,3369,8064,15277
CongoBasin,Corn,SPA0,SSP2,scenRCPref,66,82,164,298,540,968
CongoBasin,Cott,SPA0,SSP2,scenRCPref,11,9,30,105,250,483
CongoBasin,Gnut,SPA0,SSP2,scenRCPref,52,41,142,504,1202,2318
CongoBasin,Mill,SPA0,SSP2,scenRCPref,4,5,8,14,21,29
CongoBasin,Pota,SPA0,SSP2,scenRCPref,26,21,55,201,481,912
CongoBasin,Soya,SPA0,SSP2,scenRCPref,3,8,19,35,58,82
CongoBasin,Srgh,SPA0,SSP2,scenRCPref,19,28,44,72,112,153
CongoBasin,SugC,SPA0,SSP2,scenRCPref,387,311,811,2958,7081,13415
CongoBasin,SwPo,SPA0,SSP2,scenRCPref,5,4,12,42,101,190
EU_Baltic,Barl,SPA0,SSP2,scenRCPref,1057,1845,1850,2017,2236,2349
EU_Baltic,BeaD,SPA0,SSP2,scenRCPref,4,21,48,101,150,131
EU_Baltic,Cass,SPA0,SSP2,scenRCPref,1,1,2,2,3,2
EU_Baltic,ChkP,SPA0,SSP2,scenRCPref,0,1,1,2,4,3
EU_Baltic,Corn,SPA0,SSP2,scenRCPref,2,,,,,0
EU_Baltic,Gnut,SPA0,SSP2,scenRCPref,1,1,2,3,5,4
EU_Baltic,Mill,SPA0,SSP2,scenRCPref,1,1,2,5,7,6
EU_Baltic,Pota,SPA0,SSP2,scenRCPref,1081,1896,2228,2962,3692,3560
EU_Baltic,Rape,SPA0,SSP2,scenRCPref,15,28,42,70,96,87
EU_Baltic,Rice,SPA0,SSP2,scenRCPref,0,0,0,0,1,1
EU_Baltic,Soya,SPA0,SSP2,scenRCPref,1,,,,,
EU_Baltic,Srgh,SPA0,SSP2,scenRCPref,0,1,1,3,4,4
EU_Baltic,SugC,SPA0,SSP2,scenRCPref,23,41,48,64,80,77
EU_Baltic,Sunf,SPA0,SSP2,scenRCPref,17,33,48,80,110,99
EU_Baltic,Whea,SPA0,SSP2,scenRCPref,613,1078,1335,1869,2389,2260
EU_CentralEast,Barl,SPA0,SSP2,scenRCPref,6415,7473,7602,7680,7656,7538
EU_CentralEast,BeaD,SPA0,SSP2,scenRCPref,27,50,50,49,48,44
EU_CentralEast,Cass,SPA0,SSP2,scenRCPref,3,4,4,4,4,4
EU_CentralEast,ChkP,SPA0,SSP2,scenRCPref,3,5,5,5,5,5
EU_CentralEast,Corn,SPA0,SSP2,scenRCPref,14050,16495,16901,17144,17099,16828
EU_CentralEast,Cott,SPA0,SSP2,scenRCPref,1,1,1,1,1,1
EU_CentralEast,Gnut,SPA0,SSP2,scenRCPref,2,2,2,2,2,2
EU_CentralEast,Mill,SPA0,SSP2,scenRCPref,15,24,26,28,27,27
EU_CentralEast,Pota,SPA0,SSP2,scenRCPref,14477,17582,18139,18487,18442,18146
EU_CentralEast,Rape,SPA0,SSP2,scenRCPref,547,606,615,618,617,609
EU_CentralEast,Rice,SPA0,SSP2,scenRCPref,21,23,23,23,23,23
EU_CentralEast,Soya,SPA0,SSP2,scenRCPref,277,172,143,304,307,304
EU_CentralEast,Srgh,SPA0,SSP2,scenRCPref,25,42,45,48,48,47
EU_CentralEast,SugC,SPA0,SSP2,scenRCPref,238,289,299,304,304,299
EU_CentralEast,Sunf,SPA0,SSP2,scenRCPref,940,1041,1056,1062,1060,1046
EU_CentralEast,SwPo,SPA0,SSP2,scenRCPref,0,0,0,0,0,0
EU_CentralEast,Whea,SPA0,SSP2,scenRCPref,9763,11824,12203,12437,12409,12213
EU_MidWest,Barl,SPA0,SSP2,scenRCPref,12085,12021,12582,12852,13122,13226
EU_MidWest,BeaD,SPA0,SSP2,scenRCPref,31,88,251,326,417,452
EU_MidWest,Cass,SPA0,SSP2,scenRCPref,3126,2980,3339,3499,3638,3687
EU_MidWest,ChkP,SPA0,SSP2,scenRCPref,4,11,33,42,54,59
EU_MidWest,Corn,SPA0,SSP2,scenRCPref,6036,6474,7067,7445,7887,8101
EU_MidWest,Mill,SPA0,SSP2,scenRCPref,34,41,46,49,53,54
EU_MidWest,Pota,SPA0,SSP2,scenRCPref,4423,4216,4724,4951,5147,5217
EU_MidWest,Rape,SPA0,SSP2,scenRCPref,3467,3395,3685,3869,4038,4124
EU_MidWest,Rice,SPA0,SSP2,scenRCPref,169,165,171,174,176,176
EU_MidWest,Soya,SPA0,SSP2,scenRCPref,6268,6335,6806,7144,7464,7634
EU_MidWest,Srgh,SPA0,SSP2,scenRCPref,172,209,235,246,266,272
EU_MidWest,SugC,SPA0,SSP2,scenRCPref,1364,1301,1457,1527,1588,1609
EU_MidWest,Sunf,SPA0,SSP2,scenRCPref,1837,1799,1953,2050,2140,2186
EU_MidWest,SwPo,SPA0,SSP2,scenRCPref,7,7,8,8,9,9
EU_MidWest,Whea,SPA0,SSP2,scenRCPref,19955,19995,21262,21964,22688,23015
EU_North,Barl,SPA0,SSP2,scenRCPref,7490,8485,8808,9585,10384,10981
EU_North,BeaD,SPA0,SSP2,scenRCPref,46,100,104,154,204,236
EU_North,Cass,SPA0,SSP2,scenRCPref,8,12,14,15,17,18
EU_North,ChkP,SPA0,SSP2,scenRCPref,10,22,23,35,46,53
EU_North,Corn,SPA0,SSP2,scenRCPref,143,93,109,118,126,137
EU_North,Mill,SPA0,SSP2,scenRCPref,8,12,16,17,19,21
EU_North,Pota,SPA0,SSP2,scenRCPref,1050,1543,1887,2015,2188,2407
EU_North,Rape,SPA0,SSP2,scenRCPref,1547,1846,1969,2214,2468,2663
EU_North,Soya,SPA0,SSP2,scenRCPref,490,486,665,736,817,910
EU_North,Srgh,SPA0,SSP2,scenRCPref,2,4,5,5,6,6
EU_North,SugC,SPA0,SSP2,scenRCPref,1539,2261,2766,2953,3206,3528
EU_North,Sunf,SPA0,SSP2,scenRCPref,751,896,956,1074,1197,1292
EU_North,SwPo,SPA0,SSP2,scenRCPref,5,8,9,10,11,12
EU_North,Whea,SPA0,SSP2,scenRCPref,9462,11443,12455,13566,14781,15856
EU_South,Barl,SPA0,SSP2,scenRCPref,8853,10119,10911,11317,11420,11569
EU_South,BeaD,SPA0,SSP2,scenRCPref,23,93,151,185,189,202
EU_South,Cass,SPA0,SSP2,scenRCPref,1733,2324,2836,3137,3166,3286
EU_South,ChkP,SPA0,SSP2,scenRCPref,10,39,64,78,80,85
EU_South,Corn,SPA0,SSP2,scenRCPref,14495,16985,18427,19092,19326,19560
EU_South,Cott,SPA0,SSP2,scenRCPref,94,118,131,138,140,143
EU_South,Gnut,SPA0,SSP2,scenRCPref,0,0,0,0,0,0
EU_South,Mill,SPA0,SSP2,scenRCPref,20,25,27,28,29,29
EU_South,Pota,SPA0,SSP2,scenRCPref,1060,1421,1735,1919,1936,2010
EU_South,Rape,SPA0,SSP2,scenRCPref,221,275,307,323,328,333
EU_South,Rice,SPA0,SSP2,scenRCPref,108,122,131,136,137,139
EU_South,Soya,SPA0,SSP2,scenRCPref,4287,3648,5528,5730,5801,5873
EU_South,Srgh,SPA0,SSP2,scenRCPref,554,684,735,760,777,791
EU_South,SugC,SPA0,SSP2,scenRCPref,445,597,729,806,814,844
EU_South,Sunf,SPA0,SSP2,scenRCPref,1556,1940,2164,2276,2309,2349
EU_South,SwPo,SPA0,SSP2,scenRCPref,26,34,42,46,47,48
EU_South,Whea,SPA0,SSP2,scenRCPref,4749,6013,6514,6699,6842,6895
Former_USSR,Barl,SPA0,SSP2,scenRCPref,2224,3457,4857,7200,10481,11858
Former_USSR,BeaD,SPA0,SSP2,scenRCPref,141,311,569,1045,1759,2039
Former_USSR,Cass,SPA0,SSP2,scenRCPref,5,9,13,21,32,36
Former_USSR,ChkP,SPA0,SSP2,scenRCPref,1,2,3,6,11,12
Former_USSR,Corn,SPA0,SSP2,scenRCPref,365,526,712,970,1304,1444
Former_USSR,Cott,SPA0,SSP2,scenRCPref,460,1001,1680,2860,4572,5287
Former_USSR,Gnut,SPA0,SSP2,scenRCPref,1,1,2,4,6,7
Former_USSR,Mill,SPA0,SSP2,scenRCPref,41,55,66,76,83,87
Former_USSR,Pota,SPA0,SSP2,scenRCPref,5863,9428,14204,22568,34738,39603
Former_USSR,Rape,SPA0,SSP2,scenRCPref,36,79,133,227,362,419
Former_USSR,Rice,SPA0,SSP2,scenRCPref,41,64,82,99,110,117
Former_USSR,Soya,SPA0,SSP2,scenRCPref,76,99,117,133,143,150
Former_USSR,Srgh,SPA0,SSP2,scenRCPref,16,21,26,30,32,34
Former_USSR,SugC,SPA0,SSP2,scenRCPref,171,275,415,659,1015,1157
Former_USSR,Sunf,SPA0,SSP2,scenRCPref,136,297,498,848,1356,1568
Former_USSR,SwPo,SPA0,SSP2,scenRCPref,0,0,0,1,1,1
Former_USSR,Whea,SPA0,SSP2,scenRCPref,1724,2709,3918,5976,8907,10107
IndiaReg,Barl,SPA0,SSP2,scenRCPref,203,227,274,367,551,865
IndiaReg,BeaD,SPA0,SSP2,scenRCPref,38,44,54,73,106,159
IndiaReg,ChkP,SPA0,SSP2,scenRCPref,121,140,172,232,336,503
IndiaReg,Corn,SPA0,SSP2,scenRCPref,3591,5061,7441,11769,18872,30236
IndiaReg,Cott,SPA0,SSP2,scenRCPref,102,160,247,396,638,1035
IndiaReg,Gnut,SPA0,SSP2,scenRCPref,48,75,116,187,301,488
IndiaReg,Mill,SPA0,SSP2,scenRCPref,504,719,1150,2011,3733,6744
IndiaReg,Pota,SPA0,SSP2,scenRCPref,867,1134,1592,2449,3952,6427
IndiaReg,Rape,SPA0,SSP2,scenRCPref,271,423,654,1049,1689,2740
IndiaReg,Rice,SPA0,SSP2,scenRCPref,4367,5739,8077,12441,20048,32545
IndiaReg,Soya,SPA0,SSP2,scenRCPref,1055,1510,2323,3877,6717,11522
IndiaReg,Srgh,SPA0,SSP2,scenRCPref,376,536,857,1498,2782,5025
IndiaReg,SugC,SPA0,SSP2,scenRCPref,8283,10835,15211,23399,37755,61401
IndiaReg,Sunf,SPA0,SSP2,scenRCPref,31,48,75,120,193,313
IndiaReg,Whea,SPA0,SSP2,scenRCPref,1046,1046,1046,1046,1046,1046
IndonesiaReg,Cass,SPA0,SSP2,scenRCPref,299,303,444,584,691,773
IndonesiaReg,Corn,SPA0,SSP2,scenRCPref,1038,1212,3516,6192,10955,17532
IndonesiaReg,Cott,SPA0,SSP2,scenRCPref,,,,,,
IndonesiaReg,Gnut,SPA0,SSP2,scenRCPref,25,30,139,252,340,407
IndonesiaReg,Pota,SPA0,SSP2,scenRCPref,53,54,79,104,123,138
IndonesiaReg,Rape,SPA0,SSP2,scenRCPref,44,52,243,439,593,710
IndonesiaReg,Rice,SPA0,SSP2,scenRCPref,2005,1694,2614,5305,10101,16725
IndonesiaReg,Soya,SPA0,SSP2,scenRCPref,,,1814,4525,9388,16119
IndonesiaReg,SugC,SPA0,SSP2,scenRCPref,2588,2629,3846,5063,5988,6697
IndonesiaReg,Sunf,SPA0,SSP2,scenRCPref,0,0,2,4,5,6
IndonesiaReg,SwPo,SPA0,SSP2,scenRCPref,32,32,47,62,74,83
IndonesiaReg,Whea,SPA0,SSP2,scenRCPref,,23,124,241,337,413
JapanReg,Barl,SPA0,SSP2,scenRCPref,1341,1442,1570,1622,1604,1541
JapanReg,BeaD,SPA0,SSP2,scenRCPref,14,15,17,17,17,16
JapanReg,Corn,SPA0,SSP2,scenRCPref,10341,11087,12076,12509,12367,11922
JapanReg,Cott,SPA0,SSP2,scenRCPref,146,161,180,187,184,175
JapanReg,Gnut,SPA0,SSP2,scenRCPref,5,6,6,6,6,6
JapanReg,Mill,SPA0,SSP2,scenRCPref,8,8,9,9,9,9
JapanReg,Pota,SPA0,SSP2,scenRCPref,145,166,181,187,185,179
JapanReg,Rape,SPA0,SSP2,scenRCPref,1150,1272,1415,1473,1450,1380
JapanReg,Rice,SPA0,SSP2,scenRCPref,152,155,163,167,167,164
JapanReg,Soya,SPA0,SSP2,scenRCPref,2956,2785,2934,3057,3026,2993
JapanReg,Srgh,SPA0,SSP2,scenRCPref,2052,2232,2370,2399,2347,2249
JapanReg,SugC,SPA0,SSP2,scenRCPref,581,662,722,748,739,716
JapanReg,Sunf,SPA0,SSP2,scenRCPref,2,2,2,2,2,2
JapanReg,SwPo,SPA0,SSP2,scenRCPref,67,77,84,87,86,83
JapanReg,Whea,SPA0,SSP2,scenRCPref,98,107,115,119,118,115
MalaysiaReg,Cass,SPA0,SSP2,scenRCPref,19,24,46,57,63,71
MalaysiaReg,Corn,SPA0,SSP2,scenRCPref,1978,3145,6216,7561,8415,9477
MalaysiaReg,Gnut,SPA0,SSP2,scenRCPref,0,0,1,1,1,1
MalaysiaReg,Mill,SPA0,SSP2,scenRCPref,1,2,3,4,5,5
MalaysiaReg,Pota,SPA0,SSP2,scenRCPref,5,6,12,14,16,18
MalaysiaReg,Rape,SPA0,SSP2,scenRCPref,12,85,345,471,541,635
MalaysiaReg,Rice,SPA0,SSP2,scenRCPref,80,101,209,268,296,337
MalaysiaReg,Soya,SPA0,SSP2,scenRCPref,992,1528,2983,3629,4032,4538
MalaysiaReg,Srgh,SPA0,SSP2,scenRCPref,0,0,1,1,1,1
MalaysiaReg,SugC,SPA0,SSP2,scenRCPref,628,788,1514,1884,2075,2343
MalaysiaReg,Sunf,SPA0,SSP2,scenRCPref,3,19,79,108,124,145
MalaysiaReg,SwPo,SPA0,SSP2,scenRCPref,13,16,32,39,43,49
MalaysiaReg,Whea,SPA0,SSP2,scenRCPref,80,104,260,343,384,443
MexicoReg,Barl,SPA0,SSP2,scenRCPref,355,431,682,903,1118,1259
MexicoReg,BeaD,SPA0,SSP2,scenRCPref,71,75,106,132,158,174
MexicoReg,ChkP,SPA0,SSP2,scenRCPref,36,38,53,66,79,87
MexicoReg,Corn,SPA0,SSP2,scenRCPref,3512,4714,6464,8881,11208,12840
MexicoReg,Cott,SPA0,SSP2,scenRCPref,3,4,8,12,15,17
MexicoReg,Gnut,SPA0,SSP2,scenRCPref,3,5,10,15,19,22
MexicoReg,Mill,SPA0,SSP2,scenRCPref,3,4,7,9,12,13
MexicoReg,Pota,SPA0,SSP2,scenRCPref,55,59,82,103,123,136
MexicoReg,Rape,SPA0,SSP2,scenRCPref,468,784,1483,2123,2746,3162
MexicoReg,Soya,SPA0,SSP2,scenRCPref,1161,1477,2102,3163,4184,4888
MexicoReg,Srgh,SPA0,SSP2,scenRCPref,8512,11636,18472,24628,30593,34619
MexicoReg,SugC,SPA0,SSP2,scenRCPref,3299,3514,4928,6154,7335,8096
MexicoReg,Sunf,SPA0,SSP2,scenRCPref,15,25,48,68,88,102
MiddleEast,Barl,SPA0,SSP2,scenRCPref,3145,3701,4814,7045,10782,17869
MiddleEast,BeaD,SPA0,SSP2,scenRCPref,0,0,0,0,1,1
MiddleEast,Cass,SPA0,SSP2,scenRCPref,6,15,33,71,130,240
MiddleEast,ChkP,SPA0,SSP2,scenRCPref,44,67,118,254,380,455
MiddleEast,Corn,SPA0,SSP2,scenRCPref,1673,2114,2957,4636,7436,12770
MiddleEast,Cott,SPA0,SSP2,scenRCPref,25,88,215,484,919,1728
MiddleEast,Gnut,SPA0,SSP2,scenRCPref,1,4,9,20,38,72
MiddleEast,Mill,SPA0,SSP2,scenRCPref,8,15,29,58,88,130
MiddleEast,Pota,SPA0,SSP2,scenRCPref,125,312,688,1471,2706,4989
MiddleEast,Rape,SPA0,SSP2,scenRCPref,10,35,86,193,366,688
MiddleEast,Rice,SPA0,SSP2,scenRCPref,379,744,1476,2957,5162,9138
MiddleEast,Soya,SPA0,SSP2,scenRCPref,618,933,1511,2676,4629,8354
MiddleEast,Srgh,SPA0,SSP2,scenRCPref,121,230,450,906,1369,2021
MiddleEast,SugC,SPA0,SSP2,scenRCPref,408,1013,2237,4779,8795,16211
MiddleEast,Sunf,SPA0,SSP2,scenRCPref,44,152,371,836,1586,2981
MiddleEast,Whea,SPA0,SSP2,scenRCPref,1045,1395,2078,3451,5691,9902
NewZealandReg,Barl,SPA0,SSP2,scenRCPref,28,57,158,236,279,286
NewZealandReg,BeaD,SPA0,SSP2,scenRCPref,,,6,12,20,25
NewZealandReg,Corn,SPA0,SSP2,scenRCPref,21,48,148,221,256,259
NewZealandReg,Mill,SPA0,SSP2,scenRCPref,1,9,30,42,46,45
NewZealandReg,Pota,SPA0,SSP2,scenRCPref,65,154,403,538,592,591
NewZealandReg,Rape,SPA0,SSP2,scenRCPref,2,29,131,197,223,221
NewZealandReg,Soya,SPA0,SSP2,scenRCPref,15,22,,,,
NewZealandReg,Srgh,SPA0,SSP2,scenRCPref,2,24,82,113,123,121
NewZealandReg,SwPo,SPA0,SSP2,scenRCPref,2,4,10,13,15,15
NewZealandReg,Whea,SPA0,SSP2,scenRCPref,25,53,155,229,265,269
NorthernAf,Barl,SPA0,SSP2,scenRCPref,854,1108,1621,2533,3355,3985
NorthernAf,BeaD,SPA0,SSP2,scenRCPref,4,37,113,245,370,469
NorthernAf,Cass,SPA0,SSP2,scenRCPref,0,0,0,0,0,0
NorthernAf,ChkP,SPA0,SSP2,scenRCPref,7,68,204,446,671,852
NorthernAf,Corn,SPA0,SSP2,scenRCPref,2095,2480,3240,4634,5883,6824
NorthernAf,Cott,SPA0,SSP2,scenRCPref,13,33,77,156,230,288
NorthernAf,Gnut,SPA0,SSP2,scenRCPref,3,8,18,36,53,66
NorthernAf,Mill,SPA0,SSP2,scenRCPref,4,6,11,21,30,37
NorthernAf,Pota,SPA0,SSP2,scenRCPref,228,346,584,1001,1379,1672
NorthernAf,Rape,SPA0,SSP2,scenRCPref,9,22,51,105,154,193
NorthernAf,Rice,SPA0,SSP2,scenRCPref,201,399,800,1472,2088,2579
NorthernAf,Soya,SPA0,SSP2,scenRCPref,730,943,1375,2143,2835,3365
NorthernAf,Srgh,SPA0,SSP2,scenRCPref,238,395,717,1309,1858,2286
NorthernAf,SugC,SPA0,SSP2,scenRCPref,1185,1799,3042,5213,7178,8703
NorthernAf,Sunf,SPA0,SSP2,scenRCPref,53,135,316,646,951,1191
NorthernAf,Whea,SPA0,SSP2,scenRCPref,915,1212,1812,2876,3835,4572
Pacific_Islands,Barl,SPA0,SSP2,scenRCPref,0,,,,,
Pacific_Islands,BeaD,SPA0,SSP2,scenRCPref,,,,0,0,
Pacific_Islands,Cass,SPA0,SSP2,scenRCPref,3,,,3,3,3
Pacific_Islands,Corn,SPA0,SSP2,scenRCPref,1,,5,12,15,19
Pacific_Islands,Mill,SPA0,SSP2,scenRCPref,0,0,0,0,0,0
Pacific_Islands,Pota,SPA0,SSP2,scenRCPref,0,,,0,0,0
Pacific_Islands,Soya,SPA0,SSP2,scenRCPref,3,2,5,9,9,10
Pacific_Islands,Srgh,SPA0,SSP2,scenRCPref,2,2,5,5,4,3
Pacific_Islands,SugC,SPA0,SSP2,scenRCPref,12,,,10,10,11
RCAM,Barl,SPA0,SSP2,scenRCPref,2,3,6,9,12,14
RCAM,BeaD,SPA0,SSP2,scenRCPref,32,40,62,90,110,125
RCAM,Cass,SPA0,SSP2,scenRCPref,181,262,480,747,947,1101
RCAM,ChkP,SPA0,SSP2,scenRCPref,1,1,2,3,4,4
RCAM,Corn,SPA0,SSP2,scenRCPref,2411,3571,6898,10937,14037,16470
RCAM,Cott,SPA0,SSP2,scenRCPref,1,1,4,8,11,14
RCAM,Gnut,SPA0,SSP2,scenRCPref,3,6,21,42,58,70
RCAM,Mill,SPA0,SSP2,scenRCPref,1,1,2,4,5,6
RCAM,Pota,SPA0,SSP2,scenRCPref,50,72,132,206,262,304
RCAM,Rice,SPA0,SSP2,scenRCPref,205,283,481,723,903,1040
RCAM,Soya,SPA0,SSP2,scenRCPref,1105,1669,3045,4684,5934,6908
RCAM,Srgh,SPA0,SSP2,scenRCPref,217,344,686,1109,1422,1661
RCAM,SugC,SPA0,SSP2,scenRCPref,5107,7407,13566,21140,26792,31154
RCAM,Sunf,SPA0,SSP2,scenRCPref,41,71,273,540,742,901
RCAM,SwPo,SPA0,SSP2,scenRCPref,30,44,80,125,159,185
RCAM,Whea,SPA0,SSP2,scenRCPref,443,729,1345,2078,2624,3042
RCEU,Barl,SPA0,SSP2,scenRCPref,91,154,233,260,244,233
RCEU,BeaD,SPA0,SSP2,scenRCPref,6,20,21,20,23,26
RCEU,ChkP,SPA0,SSP2,scenRCPref,0,0,0,0,0,0
RCEU,Corn,SPA0,SSP2,scenRCPref,375,1812,3036,3379,3265,3222
RCEU,Cott,SPA0,SSP2,scenRCPref,0,0,0,0,0,0
RCEU,Mill,SPA0,SSP2,scenRCPref,0,0,0,0,0,0
RCEU,Pota,SPA0,SSP2,scenRCPref,188,587,1294,1544,1366,1212
RCEU,Rape,SPA0,SSP2,scenRCPref,2,4,6,6,6,5
RCEU,Rice,SPA0,SSP2,scenRCPref,1,2,2,2,2,3
RCEU,Soya,SPA0,SSP2,scenRCPref,6,6,6,6,6,6
RCEU,Srgh,SPA0,SSP2,scenRCPref,0,1,1,2,1,1
RCEU,SugC,SPA0,SSP2,scenRCPref,0,1,3,3,3,3
RCEU,Sunf,SPA0,SSP2,scenRCPref,146,236,359,400,375,354
RCEU,Whea,SPA0,SSP2,scenRCPref,197,542,1087,1277,1153,1051
ROWE,Barl,SPA0,SSP2,scenRCPref,608,851,1096,1269,1310,1369
ROWE,Cass,SPA0,SSP2,scenRCPref,2,3,4,6,6,6
ROWE,ChkP,SPA0,SSP2,scenRCPref,,10,17,19,22,26
ROWE,Corn,SPA0,SSP2,scenRCPref,70,125,242,398,385,357
ROWE,Mill,SPA0,SSP2,scenRCPref,2,4,8,12,12,11
ROWE,Pota,SPA0,SSP2,scenRCPref,281,491,715,895,911,940
ROWE,Rape,SPA0,SSP2,scenRCPref,48,77,116,156,155,153
ROWE,Rice,SPA0,SSP2,scenRCPref,22,39,53,60,64,69
ROWE,Soya,SPA0,SSP2,scenRCPref,41,69,125,199,193,179
ROWE,Srgh,SPA0,SSP2,scenRCPref,39,71,132,210,201,185
ROWE,SugC,SPA0,SSP2,scenRCPref,14,24,35,44,45,46
ROWE,Sunf,SPA0,SSP2,scenRCPref,17,27,41,55,54,54
ROWE,Whea,SPA0,SSP2,scenRCPref,135,227,408,641,614,568
RSAM,Barl,SPA0,SSP2,scenRCPref,114,236,364,557,694,780
RSAM,BeaD,SPA0,SSP2,scenRCPref,23,69,117,190,241,274
RSAM,Cass,SPA0,SSP2,scenRCPref,2553,6550,11043,18091,23110,26282
RSAM,ChkP,SPA0,SSP2,scenRCPref,0,1,2,3,4,5
RSAM,Corn,SPA0,SSP2,scenRCPref,4768,9680,15811,25891,33085,37676
RSAM,Cott,SPA0,SSP2,scenRCPref,12,78,147,246,318,363
RSAM,Gnut,SPA0,SSP2,scenRCPref,6,40,75,126,163,186
RSAM,Mill,SPA0,SSP2,scenRCPref,1,1,2,3,4,5
RSAM,Pota,SPA0,SSP2,scenRCPref,1405,3605,6078,9957,12719,14465
RSAM,Rape,SPA0,SSP2,scenRCPref,33,206,388,649,839,959
RSAM,Rice,SPA0,SSP2,scenRCPref,589,1290,2021,3120,3907,4397
RSAM,Soya,SPA0,SSP2,scenRCPref,1658,4172,7269,12143,15670,17918
RSAM,Srgh,SPA0,SSP2,scenRCPref,904,1197,1845,3342,4320,4995
RSAM,SugC,SPA0,SSP2,scenRCPref,3783,9708,16367,26812,34251,38952
RSAM,Sunf,SPA0,SSP2,scenRCPref,117,730,1376,2303,2977,3402
RSAM,SwPo,SPA0,SSP2,scenRCPref,37,96,161,264,337,384
RSAM,Whea,SPA0,SSP2,scenRCPref,307,316,436,856,1117,1294
RSAS,Barl,SPA0,SSP2,scenRCPref,60,66,78,103,152,231
RSAS,BeaD,SPA0,SSP2,scenRCPref,13,14,17,22,33,50
RSAS,Cass,SPA0,SSP2,scenRCPref,58,104,197,408,817,1417
RSAS,ChkP,SPA0,SSP2,scenRCPref,184,202,239,315,465,704
RSAS,Corn,SPA0,SSP2,scenRCPref,334,541,971,2215,4503,7257
RSAS,Cott,SPA0,SSP2,scenRCPref,450,569,758,1150,1934,3165
RSAS,Gnut,SPA0,SSP2,scenRCPref,8,10,14,21,35,58
RSAS,Mill,SPA0,SSP2,scenRCPref,89,177,352,706,1413,2594
RSAS,Pota,SPA0,SSP2,scenRCPref,477,851,1605,3327,6658,11553
RSAS,Rape,SPA0,SSP2,scenRCPref,319,403,537,814,1369,2241
RSAS,Rice,SPA0,SSP2,scenRCPref,838,1623,3194,6345,12642,22378
RSAS,Soya,SPA0,SSP2,scenRCPref,165,292,551,1174,2363,3969
RSAS,Srgh,SPA0,SSP2,scenRCPref,15,30,60,120,239,440
RSAS,SugC,SPA0,SSP2,scenRCPref,5004,8930,16854,34933,69900,121294
RSAS,Sunf,SPA0,SSP2,scenRCPref,27,34,46,69,117,191
RSAS,SwPo,SPA0,SSP2,scenRCPref,12,22,41,85,171,296
RSAS,Whea,SPA0,SSP2,scenRCPref,286,568,1131,2270,4543,7660
RSEA_OPA,Barl,SPA0,SSP2,scenRCPref,1,1,2,4,5,5
RSEA_OPA,BeaD,SPA0,SSP2,scenRCPref,377,558,865,1243,1498,1706
RSEA_OPA,Cass,SPA0,SSP2,scenRCPref,346,584,993,1501,1813,2056
RSEA_OPA,ChkP,SPA0,SSP2,scenRCPref,8,11,17,25,30,34
RSEA_OPA,Corn,SPA0,SSP2,scenRCPref,6175,8971,13315,18475,22345,25625
RSEA_OPA,Cott,SPA0,SSP2,scenRCPref,9,26,54,87,111,131
RSEA_OPA,Gnut,SPA0,SSP2,scenRCPref,50,143,292,471,601,710
RSEA_OPA,Mill,SPA0,SSP2,scenRCPref,25,25,25,25,25,25
RSEA_OPA,Pota,SPA0,SSP2,scenRCPref,30,51,87,132,160,181
RSEA_OPA,Rape,SPA0,SSP2,scenRCPref,147,424,864,1394,1778,2099
RSEA_OPA,Rice,SPA0,SSP2,scenRCPref,3926,6025,9395,13419,16418,18957
RSEA_OPA,Soya,SPA0,SSP2,scenRCPref,2621,3878,5927,8412,10154,11593
RSEA_OPA,Srgh,SPA0,SSP2,scenRCPref,146,146,146,146,146,146
RSEA_OPA,SugC,SPA0,SSP2,scenRCPref,1905,3215,5468,8266,9984,11320
RSEA_OPA,Sunf,SPA0,SSP2,scenRCPref,138,399,814,1313,1675,1977
RSEA_OPA,SwPo,SPA0,SSP2,scenRCPref,28,47,80,120,145,165
RSEA_PAC,Barl,SPA0,SSP2,scenRCPref,18,30,47,64,90,119
RSEA_PAC,Cass,SPA0,SSP2,scenRCPref,1562,3225,5356,7631,10352,13730
RSEA_PAC,Corn,SPA0,SSP2,scenRCPref,1253,2978,4962,7052,9684,12860
RSEA_PAC,Cott,SPA0,SSP2,scenRCPref,1,35,80,127,189,263
RSEA_PAC,Gnut,SPA0,SSP2,scenRCPref,11,308,703,1119,1666,2318
RSEA_PAC,Mill,SPA0,SSP2,scenRCPref,12,40,82,119,157,204
RSEA_PAC,Pota,SPA0,SSP2,scenRCPref,415,856,1421,2026,2748,3644
RSEA_PAC,Rape,SPA0,SSP2,scenRCPref,1,20,47,74,111,154
RSEA_PAC,Rice,SPA0,SSP2,scenRCPref,1927,3057,4522,6057,7997,10339
RSEA_PAC,Soya,SPA0,SSP2,scenRCPref,,360,695,1036,1489,2013
RSEA_PAC,Srgh,SPA0,SSP2,scenRCPref,2,6,11,17,22,28
RSEA_PAC,SugC,SPA0,SSP2,scenRCPref,2479,5120,8502,12114,16433,21795
RSEA_PAC,SwPo,SPA0,SSP2,scenRCPref,1031,2130,3537,5040,6837,9068
RussiaReg,Barl,SPA0,SSP2,scenRCPref,9656,13593,18666,24922,28040,30109
RussiaReg,BeaD,SPA0,SSP2,scenRCPref,6,145,455,910,1128,1271
RussiaReg,Cass,SPA0,SSP2,scenRCPref,1,1,2,3,4,4
RussiaReg,Corn,SPA0,SSP2,scenRCPref,856,1255,2034,3070,3538,3836
RussiaReg,Cott,SPA0,SSP2,scenRCPref,0,0,0,0,0,0
RussiaReg,Mill,SPA0,SSP2,scenRCPref,227,298,435,619,705,760
RussiaReg,Pota,SPA0,SSP2,scenRCPref,7238,10660,17341,26227,30236,32795
RussiaReg,Rape,SPA0,SSP2,scenRCPref,33,48,78,118,135,147
RussiaReg,Soya,SPA0,SSP2,scenRCPref,301,385,547,760,858,921
RussiaReg,Srgh,SPA0,SSP2,scenRCPref,18,24,35,50,57,61
RussiaReg,SugC,SPA0,SSP2,scenRCPref,397,585,952,1440,1660,1801
RussiaReg,Sunf,SPA0,SSP2,scenRCPref,668,973,1569,2362,2719,2948
RussiaReg,Whea,SPA0,SSP2,scenRCPref,12049,16907,22984,30425,34168,36660
SouthAfrReg,Barl,SPA0,SSP2,scenRCPref,8,14,22,36,42,44
SouthAfrReg,BeaD,SPA0,SSP2,scenRCPref,3,7,12,22,27,28
SouthAfrReg,Corn,SPA0,SSP2,scenRCPref,1904,3481,5762,9408,11184,11841
SouthAfrReg,Cott,SPA0,SSP2,scenRCPref,1,2,3,5,6,6
SouthAfrReg,Gnut,SPA0,SSP2,scenRCPref,3,6,10,17,20,22
SouthAfrReg,Mill,SPA0,SSP2,scenRCPref,5,10,17,21,24,25
SouthAfrReg,Pota,SPA0,SSP2,scenRCPref,141,237,332,388,443,477
SouthAfrReg,Rape,SPA0,SSP2,scenRCPref,0,0,0,0,0,0
SouthAfrReg,Soya,SPA0,SSP2,scenRCPref,261,552,800,554,928,1149
SouthAfrReg,Srgh,SPA0,SSP2,scenRCPref,170,359,592,746,848,898
SouthAfrReg,SugC,SPA0,SSP2,scenRCPref,1023,1725,2411,2820,3220,3469
SouthAfrReg,Sunf,SPA0,SSP2,scenRCPref,172,344,607,1012,1215,1292
SouthAfrReg,SwPo,SPA0,SSP2,scenRCPref,11,18,25,30,34,36
SouthKorea,Barl,SPA0,SSP2,scenRCPref,37,39,50,64,74,78
SouthKorea,Cass,SPA0,SSP2,scenRCPref,425,553,748,1033,1200,1242
SouthKorea,Corn,SPA0,SSP2,scenRCPref,6359,6936,8985,11529,13193,13843
SouthKorea,Gnut,SPA0,SSP2,scenRCPref,0,0,1,1,1,2
SouthKorea,Mill,SPA0,SSP2,scenRCPref,4,4,5,6,7,8
SouthKorea,Pota,SPA0,SSP2,scenRCPref,87,113,153,211,245,254
SouthKorea,Rape,SPA0,SSP2,scenRCPref,297,397,810,1322,1665,1818
SouthKorea,Soya,SPA0,SSP2,scenRCPref,1974,2190,2910,3809,4379,4501
SouthKorea,Srgh,SPA0,SSP2,scenRCPref,7,7,9,11,13,14
SouthKorea,SugC,SPA0,SSP2,scenRCPref,2230,2899,3923,5419,6292,6517
SouthKorea,Sunf,SPA0,SSP2,scenRCPref,22,29,60,98,123,134
SouthKorea,SwPo,SPA0,SSP2,scenRCPref,68,89,120,166,192,199
SouthKorea,Whea,SPA0,SSP2,scenRCPref,1076,1217,1629,2146,2479,2612
EasternAf,Cass,SPA0,SSP2,scenRCPref,914,1951,4151,7951,14285,22428
EasternAf,Corn,SPA0,SSP2,scenRCPref,178,296,522,735,862,1395
EasternAf,Cott,SPA0,SSP2,scenRCPref,11,44,115,239,449,713
EasternAf,Gnut,SPA0,SSP2,scenRCPref,16,62,162,337,633,1007
EasternAf,Mill,SPA0,SSP2,scenRCPref,90,165,307,490,761,1138
EasternAf,Pota,SPA0,SSP2,scenRCPref,249,532,1132,2167,3894,6114
EasternAf,Rape,SPA0,SSP2,scenRCPref,8,32,83,173,325,517
EasternAf,Soya,SPA0,SSP2,scenRCPref,1,11,37,62,96,143
EasternAf,Srgh,SPA0,SSP2,scenRCPref,114,209,390,622,965,1442
EasternAf,SugC,SPA0,SSP2,scenRCPref,1184,2528,5380,10304,18512,29065
EasternAf,Sunf,SPA0,SSP2,scenRCPref,5,18,47,98,184,293
SouthernAf,Barl,SPA0,SSP2,scenRCPref,2,4,8,12,17,23
SouthernAf,BeaD,SPA0,SSP2,scenRCPref,26,63,144,235,345,465
SouthernAf,Cass,SPA0,SSP2,scenRCPref,1205,4393,12510,21846,32884,44668
SouthernAf,ChkP,SPA0,SSP2,scenRCPref,6,14,33,54,79,107
SouthernAf,Corn,SPA0,SSP2,scenRCPref,468,587,1397,2462,3502,4317
SouthernAf,Cott,SPA0,SSP2,scenRCPref,15,50,144,252,379,513
SouthernAf,Gnut,SPA0,SSP2,scenRCPref,47,158,452,793,1192,1615
SouthernAf,Mill,SPA0,SSP2,scenRCPref,17,32,56,81,111,151
SouthernAf,Pota,SPA0,SSP2,scenRCPref,224,818,2329,4067,6122,8316
SouthernAf,Rice,SPA0,SSP2,scenRCPref,205,268,384,510,669,858
SouthernAf,Soya,SPA0,SSP2,scenRCPref,3,,,,,
SouthernAf,Srgh,SPA0,SSP2,scenRCPref,26,50,88,127,175,237
SouthernAf,SugC,SPA0,SSP2,scenRCPref,477,1739,4953,8649,13018,17684
SouthernAf,Sunf,SPA0,SSP2,scenRCPref,17,58,167,293,440,596
SouthernAf,SwPo,SPA0,SSP2,scenRCPref,109,398,1132,1977,2975,4041
WesternAf,Barl,SPA0,SSP2,scenRCPref,7,8,11,15,20,25
WesternAf,BeaD,SPA0,SSP2,scenRCPref,6,89,385,1047,2259,3627
WesternAf,Cass,SPA0,SSP2,scenRCPref,5664,9269,23478,54928,110442,171245
WesternAf,ChkP,SPA0,SSP2,scenRCPref,1,9,37,101,219,351
WesternAf,Corn,SPA0,SSP2,scenRCPref,760,915,1791,3720,6603,9462
WesternAf,Cott,SPA0,SSP2,scenRCPref,55,103,279,664,1339,2081
WesternAf,Gnut,SPA0,SSP2,scenRCPref,247,462,1256,2988,6028,9366
WesternAf,Mill,SPA0,SSP2,scenRCPref,730,1081,2272,4712,8739,13050
WesternAf,Pota,SPA0,SSP2,scenRCPref,78,127,322,754,1515,2349
WesternAf,Rice,SPA0,SSP2,scenRCPref,288,360,506,750,1050,1349
WesternAf,Srgh,SPA0,SSP2,scenRCPref,894,1324,2784,5774,10708,15990
WesternAf,SugC,SPA0,SSP2,scenRCPref,359,588,1489,3485,7006,10864
WesternAf,Sunf,SPA0,SSP2,scenRCPref,2,3,8,19,38,60
WesternAf,SwPo,SPA0,SSP2,scenRCPref,2,3,8,18,36,56
TurkeyReg,Barl,SPA0,SSP2,scenRCPref,1289,1407,1596,1896,2014,2097
TurkeyReg,BeaD,SPA0,SSP2,scenRCPref,4,4,5,6,7,7
TurkeyReg,Cass,SPA0,SSP2,scenRCPref,39,102,203,357,423,472
TurkeyReg,ChkP,SPA0,SSP2,scenRCPref,30,35,42,52,57,60
TurkeyReg,Corn,SPA0,SSP2,scenRCPref,362,673,1175,1971,2296,2546
TurkeyReg,Cott,SPA0,SSP2,scenRCPref,10,14,20,29,33,36
TurkeyReg,Gnut,SPA0,SSP2,scenRCPref,1,1,1,2,2,3
TurkeyReg,Mill,SPA0,SSP2,scenRCPref,9,17,26,33,34,37
TurkeyReg,Pota,SPA0,SSP2,scenRCPref,179,469,938,1646,1954,2178
TurkeyReg,Rape,SPA0,SSP2,scenRCPref,2,2,3,5,5,6
TurkeyReg,Soya,SPA0,SSP2,scenRCPref,256,411,662,1058,1216,1334
TurkeyReg,Srgh,SPA0,SSP2,scenRCPref,8,16,25,32,33,36
TurkeyReg,SugC,SPA0,SSP2,scenRCPref,4,11,23,40,47,52
TurkeyReg,Sunf,SPA0,SSP2,scenRCPref,170,229,324,472,537,584
TurkeyReg,Whea,SPA0,SSP2,scenRCPref,2159,2948,4220,6226,7026,7621
UkraineReg,Barl,SPA0,SSP2,scenRCPref,4698,7379,9484,13382,17455,21128
UkraineReg,BeaD,SPA0,SSP2,scenRCPref,28,84,201,436,692,923
UkraineReg,ChkP,SPA0,SSP2,scenRCPref,1,2,4,9,14,18
UkraineReg,Corn,SPA0,SSP2,scenRCPref,1468,2374,3354,5211,7113,8799
UkraineReg,Mill,SPA0,SSP2,scenRCPref,103,138,164,198,242,283
UkraineReg,Pota,SPA0,SSP2,scenRCPref,6696,10931,15202,23276,31600,39011
UkraineReg,Rape,SPA0,SSP2,scenRCPref,19,33,57,102,148,188
UkraineReg,Soya,SPA0,SSP2,scenRCPref,42,47,50,54,60,65
UkraineReg,Srgh,SPA0,SSP2,scenRCPref,1,1,1,1,1,1
UkraineReg,SugC,SPA0,SSP2,scenRCPref,28,45,63,96,130,161
UkraineReg,Sunf,SPA0,SSP2,scenRCPref,378,652,1116,2011,2913,3699
UkraineReg,Whea,SPA0,SSP2,scenRCPref,4015,6326,8216,11728,15387,18678
USAReg,Barl,SPA0,SSP2,scenRCPref,2943,3426,3762,4067,4333,4534
USAReg,BeaD,SPA0,SSP2,scenRCPref,33,38,42,45,48,50
USAReg,Cass,SPA0,SSP2,scenRCPref,126,143,157,167,176,183
USAReg,Corn,SPA0,SSP2,scenRCPref,128167,148322,162698,175479,186558,194831
USAReg,Cott,SPA0,SSP2,scenRCPref,3344,4091,4625,5099,5509,5816
USAReg,Gnut,SPA0,SSP2,scenRCPref,83,101,114,126,136,144
USAReg,Mill,SPA0,SSP2,scenRCPref,190,222,243,263,280,293
USAReg,Pota,SPA0,SSP2,scenRCPref,1565,1770,1939,2073,2184,2261
USAReg,Rape,SPA0,SSP2,scenRCPref,1488,1821,2058,2269,2452,2589
USAReg,Soya,SPA0,SSP2,scenRCPref,13282,15362,16928,18280,19461,20342
USAReg,Srgh,SPA0,SSP2,scenRCPref,6494,7561,8301,8975,9562,10007
USAReg,SugC,SPA0,SSP2,scenRCPref,8471,9581,10499,11222,11825,12240
USAReg,Sunf,SPA0,SSP2,scenRCPref,829,1015,1147,1265,1366,1443
USAReg,SwPo,SPA0,SSP2,scenRCPref,68,77,85,91,95,99
USAReg,Whea,SPA0,SSP2,scenRCPref,4462,5063,5505,5880,6193,6414
